{"cameraMode":{"drawMode":0,"name":"Shaded","section":"Shading Mode"},"sceneLighting":true,"audioPlay":false,"sceneViewState":{"m_AlwaysRefresh":false,"showFog":true,"showSkybox":true,"showFlares":true,"showImageEffects":true,"showParticleSystems":true,"showVisualEffectGraphs":true,"m_FxEnabled":true},"in2DMode":false,"pivot":{"x":20.15439796447754,"y":15.604738235473633,"z":-71.27053833007813},"rotation":{"x":0.25726497173309328,"y":-0.1898164302110672,"z":0.051614731550216678,"w":0.9461085200309753},"size":123.63275909423828,"orthographic":false}